"1","Building sites â€¦ WARN 2019/11/17 22:10:21 Page's .URL is deprecated and will be removed in a future release. Use .Permalink or .RelPermalink. If what you want is the front matter URL value, use .Params.url.
"
"1","WARN 2019/11/17 22:10:22 Page's .UniqueID is deprecated and will be removed in a future release. Use .File.UniqueID.
"
"1","WARN 2019/11/17 22:10:22 .File.UniqueID on zero object. Wrap it in if or with: {{ with .File }}{{ .UniqueID }}{{ end }}
"
"1","WARN 2019/11/17 22:10:22 Page's .Dir is deprecated and will be removed in a future release. Use .File.Dir.
"
"1","WARN 2019/11/17 22:10:22 .File.Dir on zero object. Wrap it in if or with: {{ with .File }}{{ .Dir }}{{ end }}
"
"1","Total in 784 ms
"
"1","Error: Error building site: copyFile: failed to open: open E:\MyNewPersonalBlog\EMTincopa.github.io\content\post\Seguridad-en-peru\~$Consolidado.xlsx: El proceso no tiene acceso al archivo porque estÃ¡ siendo utilizado por otro proceso.
"
"1","Building sites â€¦ WARN 2019/11/17 22:10:22 Page's .URL is deprecated and will be removed in a future release. Use .Permalink or .RelPermalink. If what you want is the front matter URL value, use .Params.url.
"
"1","WARN 2019/11/17 22:10:23 Page's .UniqueID is deprecated and will be removed in a future release. Use .File.UniqueID.
"
"1","WARN 2019/11/17 22:10:23 .File.UniqueID on zero object. Wrap it in if or with: {{ with .File }}{{ .UniqueID }}{{ end }}
"
"1","WARN 2019/11/17 22:10:23 Page's .Dir is deprecated and will be removed in a future release. Use .File.Dir.
"
"1","WARN 2019/11/17 22:10:23 .File.Dir on zero object. Wrap it in if or with: {{ with .File }}{{ .Dir }}{{ end }}
"
"1","Total in 785 ms
"
"1","Error: Error building site: copyFile: failed to open: open E:\MyNewPersonalBlog\EMTincopa.github.io\content\post\Seguridad-en-peru\~$Consolidado.xlsx: El proceso no tiene acceso al archivo porque estÃ¡ siendo utilizado por otro proceso.
"
"1","El sistema no puede encontrar la ruta especificada.
"
"1","<"
"1",""
"1","simpleError"
"1",""
"1"," in "
"1",""
"1","shell(cmd, mustWork = TRUE, intern = intern)"
"1",""
"1",": "
"1",""
"1","'""C:\Users\emtin\AppData\Roaming\Hugo\hugo.exe"" -b / -D -F -d ""../EMTincopa.github.io"" --themesDir themes' execution failed with error code 1"
"1",""
"1",">
"
